text,label
Hey there I was wondering can you help me with my order,1
Hi I received my package but its damaged What can we do,1
Hello I have a question about my account can you check that for me,1
Im really confused about the billing could you explain it,1
Hey I tried to return an item but Im not sure how to proceed,1
Hi I noticed a charge I didnt expect can you clarify that,1
Hello my product isnt working whats the next step,1
Id like to change my shipping address is that possible,1
Hi there can you tell me about your refund policy please,1
Im having trouble logging in can you assist me with that,1
Hey I need to cancel my subscription how do I do that,1
Hi can you help me find a specific product I cant locate it,1
Im really interested in your services but I have a few questions,1
Hello Id like to upgrade my plan what are my options,1
Hey I was promised a discount but I didnt receive it,1
Hi I need some technical support my device is acting up,1
Ive been waiting for my order can you check the status,1
Hello Id like to provide feedback is there a form for that,1
Hey Im looking for a replacement part can you help me find it,1
Hi I received the wrong item what should I do next,1
Im curious about your warranty policy could you explain it,1
Hello Id like to speak to a manager is that possible,1
Hey Im not satisfied with my purchase can I get a refund,1
Hi I have a question about your shipping times can you clarify,1
Im really interested in your promotions can you tell me more,1
Hi thanks for having me Im excited to be here,1
Could you tell me more about the team Id love to know,1
I read about your companys values and they really resonate with me,1
What does a typical day look like for this position,1
Ive worked on similar projects and I think I could contribute well,1
Can you share some challenges the team is currently facing,1
Im really passionate about this field and Id love to grow with your company,1
How do you measure success in this role,1
I noticed your company is expanding what does that mean for this position,1
What opportunities for professional development does your company offer,1
Im curious about the company culture could you describe it,1
What qualities do you think are essential for someone to succeed here,1
Can you tell me about the onboarding process for new employees,1
Ive been following your companys progress and Im impressed by your initiatives,1
How does the team typically collaborate on projects,1
What are the next steps in the interview process if Im selected,1
Id love to know more about your leadership style how do you support your team,1
What excites you most about working here at this company,1
How often do performance reviews happen and what do they entail,1
Im interested in the companys future goals where do you see it in five years,1
Can you share an example of a successful project the team has completed recently,1
What tools or technologies does the team use on a daily basis,1
Id like to understand the work life balance at your company,1
What kind of feedback do you typically give to your team members,1
Thank you for this opportunity I really appreciate your time,1
Hi I have a question about my assignment could you help me,1
Im really struggling with this topic can you explain it to me,1
Could you clarify the requirements for the project just to make sure I understand,1
I missed the last class can you tell me what I need to catch up on,1
Id like to know more about the grading criteria how does it work,1
Can you recommend some resources to help me study for the exam,1
Im having trouble understanding this concept could you break it down for me,1
Whats the best way to prepare for the upcoming test in your opinion,1
I have a few questions about the syllabus is now a good time to ask,1
Can you explain the difference between these two theories Im a bit confused,1
Id like to discuss my progress in the class can we set up a time to talk,1
How can I improve my participation in class discussions,1
What are some effective study techniques you would recommend,1
Im curious about the internship opportunities related to this course,1
Could you tell me more about the group project and how it will be graded,1
Im interested in pursuing further studies what advice do you have,1
Can you help me understand the feedback I received on my paper,1
Whats the best way to approach this topic for my research,1
Id like to know about any upcoming workshops that could benefit me,1
How do I access additional help if Im struggling with the material,1
Can you suggest any books or articles that would deepen my understanding,1
Whats the policy on late submissions for assignments,1
Im curious about the career paths that this course can lead to,1
How do you recommend balancing coursework with other responsibilities,1
Thank you for your help I really appreciate your guidance,1
Hey Id love to practice my speaking skills can we chat for a bit,1
Could you help me with my pronunciation I think I need some tips,1
I want to work on my fluency do you have any conversation starters,1
What topics do you enjoy discussing that we could talk about today,1
Im trying to expand my vocabulary can you suggest some interesting words,1
Lets do a role play it might help me get more comfortable,1
How do you usually prepare for a conversation in a new language,1
Id like to practice describing my day can I give it a try,1
Whats your favorite way to learn new phrases any methods you recommend,1
I sometimes struggle with small talk can we practice that,1
Can you give me feedback on my speaking after we finish,1
Whats a common mistake learners make when speaking English,1
I want to sound more natural do you have any tips for that,1
Lets talk about our hobbies its a fun way to practice,1
How do you feel about discussing current events it could be interesting,1
Id like to work on my listening skills can you speak a bit faster,1
Whats a good way to practice asking questions in a conversation,1
Can we focus on idiomatic expressions I find them tricky,1
Id love to share my opinions on a topic can you ask me some questions,1
How do you stay motivated when practicing a new language,1
Can you help me with transition phrases to make my speech smoother,1
I want to practice giving presentations can we do a mock one,1
Whats your favorite topic to discuss when practicing speaking,1
Lets try to have a debate itll challenge my speaking skills,1
Thanks for helping me practice I really appreciate your support,1
Quantum coherence maintenance remains one of the fundamental challenges in developing practical quantum computers with significant error correction capabilities,1
The interaction between epigenetic mechanisms and environmental factors presents complex challenges for understanding heritable changes that occur without alterations to DNA sequences,1
Neuroplasticity demonstrates the remarkable ability of neural networks to reorganize pathways adapt to new situations or changes in environment and recover from traumatic brain injuries,1
Theoretical frameworks in contemporary cognitive linguistics suggest that metaphorical thinking constitutes a fundamental aspect of human conceptual systems rather than mere linguistic flourishes,1
The emergent properties of complex adaptive systems often exhibit behavioral patterns that cannot be predicted solely through reductionist analysis of their constituent components,1
The anthropogenic impact on biogeochemical cycles particularly carbon and nitrogen has created unprecedented perturbations in planetary boundaries leading to cascading environmental consequences,1
Advancements in quantum field theory have revealed profound connections between seemingly disparate physical phenomena through principles of symmetry breaking and gauge invariance,1
Contemporary political polarization has been exacerbated by algorithmic content curation creating epistemological bubbles that reinforce existing beliefs and minimize exposure to contradictory information,1
Paleoclimatological data extracted from ice cores tree rings and sedimentary deposits provide crucial insights into climate variability patterns predating instrumental records,1
The theoretical underpinnings of consciousness remain contentious with competing frameworks including higher order theories integrated information theory and global workspace models,1
Immunological memory exhibits remarkable specificity and longevity enabling rapid responses to previously encountered pathogens through complex cellular signaling cascades,1
The mathematics of optimal transport theory has found surprising applications in fields ranging from economics to computer vision demonstrating the unexpected utility of abstract theoretical constructs,1
The construction of ethical frameworks for artificial general intelligence must address fundamental questions about value alignment consciousness recognition and moral agency,1
Topological data analysis provides mathematical tools for identifying structural features persistent across multiple scales within complex multidimensional datasets,1
The entanglement of quantum particles enables nonlocal correlations that challenge classical intuitions about physical reality and information propagation constraints,1
Dynamical systems theory offers mathematical frameworks for understanding chaotic behaviors where deterministic systems exhibit extreme sensitivity to initial conditions,1
The microbiome demonstrates complex ecological interactions with host physiology influencing everything from immune function to neurobehavioral development through multiple biochemical pathways,1
Game theoretic approaches to evolutionary biology have illuminated how seemingly cooperative behaviors can emerge from selfinterested strategies through mechanisms like reciprocal altruism,1
The paradoxical relationship between quantum mechanics and general relativity represents one of the most profound theoretical inconsistencies in modern physics,1
Behavioral economics challenges rational choice theory by demonstrating systematic cognitive biases that influence decision making processes under conditions of uncertainty,1
The anthropology of scientific practice examines how cultural contexts and social dynamics influence knowledge production even within ostensibly objective methodological frameworks,1
Neuroimaging techniques reveal that bilingualism reconfigures functional brain architecture potentially providing cognitive reserves that delay neurodegenerative disease progression,1
Cryptographic protocols leveraging zeroknowledge proofs enable verification of computational statements without revealing underlying sensitive information,1
The evolutionary arms race between hosts and pathogens drives rapid genetic adaptations illustrating powerful selective pressures operating at molecular levels,1
The hypothetical technological singularity represents a speculative point where artificial intelligence might surpass human cognitive capabilities initiating unpredictable developmental trajectories,1
Contemporary cosmological models must reconcile observational evidence for accelerating universal expansion with theoretical frameworks accounting for dark matter and dark energy,1
Nonequilibrium thermodynamics extends classical principles to open systems exhibiting selforganization through energy dissipation and entropy production,1
Archaeological evidence increasingly suggests that human cognitive modernity preceded anatomical modernity challenging linear models of evolutionary development,1
Tensorial mathematical frameworks provide essential tools for describing physical phenomena across scales from quantum field theories to cosmological models,1
The extended evolutionary synthesis incorporates epigenetic inheritance developmental plasticity and niche construction expanding beyond traditional neoDarwinian mechanisms,1
Philosophical zombies present theoretical entities physically identical to conscious humans but lacking subjective experience challenging physicalist accounts of consciousness,1
Comparative linguistics employing phylogenetic methods borrowed from evolutionary biology provides insights into historical language relationships and cultural transmission patterns,1
Mathematical category theory provides abstract frameworks for identifying structural similarities across seemingly disparate domains from computing to quantum physics,1
Computational models of moral cognition attempt to formalize ethical decision making processes through algorithmic representations of deontological and consequentialist frameworks,1
The neuroscientific study of meditation demonstrates measurable changes in brain structure and function associated with sustained attentional practices,1
Theoretical approaches to abiogenesis must account for the transition from nonliving chemical systems to entities capable of metabolism replication and evolution,1
The social determinants of health illustrate how economic political and cultural factors create population level health disparities independent of medical interventions,1
GÃ¶dels incompleteness theorems demonstrate fundamental limitations of mathematical systems revealing that sufficiently complex formal systems cannot be both complete and consistent,1
Synesthetic experiences challenge conventional models of sensory processing by demonstrating systematic crossmodal associations between distinct perceptual domains,1
Contemporary bioethical frameworks must address unprecedented questions raised by technologies enabling human germline modifications and genetic enhancement,1
Symbiotic relationships in evolutionary biology demonstrate how interspecies dependencies drive coevolutionary processes shaping genetic developmental and ecological dynamics,1
Urban planning increasingly incorporates principles of environmental psychology to design spaces optimizing psychological wellbeing through biophilic elements,1
Advanced cryptographic voting protocols attempt to simultaneously achieve seemingly contradictory properties including individual verifiability coercion resistance and ballot secrecy,1
The hierarchical structure of biological organization from molecules to ecosystems exhibits emergent properties at each level that transcend reductionist explanations,1
Cultural evolution theory applies quantitative models to understand transmission dynamics of ideas behaviors and technologies through social learning mechanisms,1
Scientific models of consciousness must reconcile subjective phenomenological experiences with objective neurophysiological processes underlying cognitive functions,1
The mathematical structure of quantum mechanics specifically Hilbert spaces and operator theory provides the theoretical foundation for quantum information science,1
Comparative mythology reveals recurring archetypal patterns across culturally independent traditions suggesting potential universality in human psychological structures,1
Advances in nanotechnology particularly molecular manufacturing capabilities could potentially transform material science energy production and medical interventions through precise atomic manipulation,1
Theoretical approaches to artificial consciousness must distinguish between functional simulation of awareness and the potential emergence of genuine phenomenological experience,1
The application of complexity theory to educational systems suggests that optimal learning environments may exist at the edge of chaos between rigid structure and complete randomness,1
I strongly believe that interdisciplinary collaboration can lead to innovative solutions for complex problems,1
The recent software update seems to have fixed most of the performance issues but introduced some new bugs,1
Could you elaborate on how your approach differs from the standard methodology in this field,1
Im concerned about the environmental impact of this proposal and would like to see more sustainability measures,1
The data suggests a correlation between these variables but we need further analysis to establish causation,1
Ive been researching this topic extensively and found some interesting patterns in the historical records,1
Our team has developed a new protocol that significantly reduces processing time while maintaining quality,1
The complexity of this ecosystem makes it difficult to predict how it will respond to climate change,1
Im trying to optimize my workflow and would appreciate any suggestions for productivity tools,1
The preliminary results are promising but we need to conduct more trials to confirm our hypothesis,1
Could you provide more details about the implementation timeline and resource requirements,1
Im interested in exploring the ethical implications of artificial intelligence in healthcare settings,1
The proposed solution addresses the immediate concern but might create longterm maintenance issues,1
Im excited about the potential applications of this technology in developing regions,1
We need to carefully consider the privacy implications before proceeding with data collection,1
The literature review reveals significant gaps in our understanding of this phenomenon,1
Im having trouble reconciling these conflicting theories could you offer some insight,1
The user interface design needs refinement to enhance accessibility for diverse user groups,1
Im fascinated by the cultural variations in how different societies approach this concept,1
The financial projections look optimistic but have you accounted for market volatility,1
Could you walk me through the decisionmaking process that led to this conclusion,1
Im looking for feedback on my draft proposal particularly regarding the methodology section,1
The regulatory framework creates certain constraints that we need to work within,1
Im curious about how this technology might evolve over the next decade,1
The statistical analysis revealed some unexpected correlations worth investigating further,1
Have you considered alternative explanations for the anomalies in the data set,1
Im concerned that our current approach doesnt adequately address the root cause,1
The historical context is crucial for understanding why these patterns emerged,1
Could you share some best practices for implementing this system in a large organization,1
Im intrigued by the theoretical framework youve developed and its practical applications,1
The case studies demonstrate both the potential and limitations of this approach,1
Have you explored how cultural factors might influence the effectiveness of this strategy,1
Im trying to balance efficiency with thoroughness in my research methodology,1
The competitive landscape has changed significantly since our initial market analysis,1
Could you elaborate on how you measured the success metrics in your study,1
Im particularly interested in the longterm sustainability of this business model,1
The technical specifications need to be aligned with the actual user requirements,1
Have you considered the scalability challenges as the system grows more complex,1
Im analyzing the trends to identify patterns that might predict future developments,1
The crossfunctional team approach helped us address the problem from multiple perspectives,1
Could you explain the rationale behind this strategic pivot in your business,1
Im working to improve the reproducibility of our experimental results,1
The qualitative findings offer context that complements our quantitative data,1
Have you integrated feedback from diverse stakeholder groups in your proposal,1
Im assessing the risk factors that could potentially impact project implementation,1
The iterative design process allowed us to refine our solution based on user feedback,1
Could you discuss the tradeoffs involved in prioritizing these competing objectives,1
Im interested in understanding the neural mechanisms underlying this cognitive process,1
The methodological approach combines elements from several established frameworks,1
Have you considered how geopolitical factors might affect the supply chain,1
Im developing a framework to evaluate the effectiveness of these interventions,1
The preliminary data suggests a potential breakthrough but verification is needed,1
Could you recommend resources for deepening my understanding of this specialized field,1
Im attempting to bridge the gap between theoretical models and practical applications,1
The economic implications extend beyond immediate financial considerations,1
Have you addressed the potential biases in your sampling methodology,1
Im investigating how cultural narratives shape public perception of scientific issues,1
The multidisciplinary approach enables us to tackle complex societal challenges,1
Could you elaborate on the technical specifications required for compatibility,1
Im exploring the intersections between traditional knowledge and modern science,1
The funding landscape for this type of research has changed dramatically,1
Have you considered alternative metrics for measuring impact in this context,1
Im designing experiments to test the boundaries of current theoretical models,1
The comparative analysis reveals interesting patterns across different regions,1
Could you explain how machine learning algorithms might improve predictive accuracy,1
Im particularly concerned about ensuring equitable access to these resources,1
Theoretical quantum networks could transform secure communications if practical challenges are overcome,1
Gravitational wave astronomy provides unprecedented insights into cosmic events occurring billions of lightyears away,1
Multifunctional metamaterials demonstrate programmable responses to electromagnetic microwave and acoustic stimuli,1
Biodegradable electronics represent a promising solution to environmental challenges posed by electronic waste,1
Contemporary cryptographic protocols increasingly rely on computational hardness assumptions that remain unproven,1
Neuromorphic computing architectures mimic biological neural networks to achieve unprecedented energy efficiency,1
Advanced statistical mechanics reveals emergent properties in complex systems across physical biological and social domains,1
Experimental verification of topological insulator properties confirms theoretical predictions made decades earlier,1
Bioengineered scaffolds with precise microarchitectures guide cellular organization for tissue regeneration,1
Quantum supremacy demonstrations highlight both the potential and limitations of noisy intermediate scale devices,1
Large language models exhibit emergent capabilities not explicitly programmed into their training objectives,1
Photonic integrated circuits offer promising platforms for nextgeneration classical and quantum information processing,1
Precision genome editing technologies raise profound questions about the boundaries of human intervention,1
Computational fluid dynamics simulations reveal previously unobservable phenomena in turbulent systems,1
Reinforcement learning algorithms demonstrate remarkable adaptability in uncertain dynamic environments,1
Synthetic biology approaches enable the creation of organisms with entirely novel metabolic pathways,1
Mathematical models of infectious disease transmission incorporate network theory to predict outbreak dynamics,1
Atmospheric carbon capture technologies must achieve significant cost reductions for viable climate impact,1
Protein folding prediction algorithms leverage deep learning to solve longstanding biochemical puzzles,1
Hey there I was wondering,0
Hi I received my package but its,0
Hello I have a question about,0
Im really confused about the,0
Hey I tried to,0
Hi I noticed a charge I,0
Hello my product isnt,0
Id like to,0
Hi there can you tell,0
Im having trouble logging in can you,0
Hey I need,0
Hi can you help me find,0
Im really interested in your services but I have a,0
Hello Id like,0
Hey I was promised a,0
Hi I need some,0
Ive been waiting for my order can you,0
Hello Id like to provide,0
Hey Im looking for a replacement part can,0
Hi I received the,0
Im curious about your,0
Hello Id like,0
Hey Im not satisfied with,0
Hi I have a question about,0
Im really interested in your promotions can you tell,0
Hi thanks for having me Im excited to,0
Could you tell me more about the team Id,0
I read about your companys values and they,0
What does a typical day look like for,0
Ive worked on,0
Can you share some challenges the team is,0
Im really passionate about this field and Im,0
I noticed your company is expanding what does,0
What opportunities for professional development does,0
Im curious about the,0
What qualities do you think are essential for,0
Can you tell,0
Ive been following your companys progress and,0
How does,0
What are,0
I don't,0
What excites you most about,0
How often do performance reviews happen and what do they,0
Im interested in,0
Can you share an example of,0
What tools or,0
Id like to understand the work life balance at your,0
What kind of,0
Thank you for this opportunity I really,0
Hi I have a question about my,0
Im really,0
Could you please,0
I missed the,0
Id like to know more about the grading criteria how,0
Can you recommend some,0
Whats the best way to prepare for,0
I have a few questions about the syllabus is now a,0
Can you explain the difference between,0
Id like to discuss my,0
How can I,0
What are some effective study techniques you would,0
Could you tell me more about the group project and how it,0
Im interested in,0
Can you help me understand the,0
Whats the best way to,0
Id like to know about any,0
How do I access additional help if Im,0
Can you suggest any books or articles that would,0
Whats the policy on late submissions for,0
Im curious about the career paths that this,0
How do you,0
Thank you for your help I,0
Hey Id love to practice my speaking skills can we,0
Could you help me with my pronunciation I think I,0
I want to work on,0
What topics do you enjoy discussing that we could,0
Im trying to expand my vocabulary can you,0
Lets do a,0
How do you usually prepare for a,0
Id like,0
Whats your favorite way to learn new phrases any,0
I sometimes struggle with small talk can we,0
Can you give me feedback on my,0
Whats a common mistake learners make when,0
I want to sound more natural do you have any,0
Lets talk about our,0
How do you feel about discussing current events it could,0
Id like to work on,0
Whats a good way to,0
Can we focus on,0
Id love to share my,0
How do you stay motivated when practicing a new,0
Can you help me with,0
I want to practice giving presentations can we do a,0
Whats your favorite topic to,0
Lets try to have a,0
Thanks for helping me practice I,0
Quantum coherence maintenance remains one of the fundamental,0
The interaction between epigenetic mechanisms and,0
Neuroplasticity demonstrates the remarkable ability of,0
Theoretical frameworks in contemporary cognitive linguistics suggest,0
The emergent properties of complex adaptive systems,0
The anthropogenic impact on biogeochemical cycles,0
Advancements in quantum field theory have revealed,0
Contemporary political polarization has been exacerbated by,0
Paleoclimatological data extracted from ice cores,0
The theoretical underpinnings of consciousness remain,0
Immunological memory exhibits remarkable specificity and,0
The mathematics of optimal transport theory has,0
The construction of ethical frameworks for artificial,0
Topological data analysis provides mathematical tools for,0
The entanglement of quantum particles enables,0
Dynamical systems theory offers mathematical frameworks for,0
The microbiome demonstrates complex ecological interactions with,0
Game theoretic approaches to evolutionary biology have,0
The paradoxical relationship between quantum mechanics and,0
Behavioral economics challenges rational choice theory by,0
The anthropology of scientific practice examines how,0
Neuroimaging techniques reveal that bilingualism reconfigures,0
Cryptographic protocols leveraging zeroknowledge proofs enable,0
The evolutionary arms race between hosts and,0
The hypothetical technological singularity represents a,0
Contemporary cosmological models must reconcile,0
Nonequilibrium thermodynamics extends classical principles to,0
Archaeological evidence increasingly suggests that human,0
Tensorial mathematical frameworks provide essential tools for,0
The extended evolutionary synthesis incorporates,0
I strongly believe that interdisciplinary collaboration can,0
The recent software update seems to have fixed,0
Could you elaborate on how your approach differs from,0
Im concerned about the environmental impact of this,0
The data suggests a correlation between these,0
Ive been researching this topic extensively and,0
Our team has developed a new protocol that,0
The complexity of this ecosystem makes it difficult to,0
Im trying to optimize my workflow and would,0
The preliminary results are promising but we need to,0
Could you provide more details about the implementation,0
Im interested in exploring the ethical implications of,0
The proposed solution addresses the immediate concern but,0
Im excited about the potential applications of this,0
We need to carefully consider the privacy implications before,0
The literature review reveals significant gaps in our,0
Im having trouble reconciling these conflicting theories could,0
The user interface design needs refinement to,0
Im fascinated by the cultural variations in how,0
The financial projections look optimistic but have you,0
Could you walk me through the decisionmaking process that,0
Im looking for feedback on my draft proposal,0
The regulatory framework creates certain constraints that,0
Im curious about how this technology might,0
The statistical analysis revealed some unexpected,0
Have you considered alternative explanations for the,0
Im concerned that our current approach doesnt,0
The historical context is crucial for understanding why,0
Could you share some best practices for implementing,0
Im intrigued by the theoretical framework youve,0
The case studies demonstrate both the potential and,0
Have you explored how cultural factors might,0
Im trying to balance efficiency with thoroughness in,0
The competitive landscape has changed significantly since,0
Could you elaborate on how you measured the,0
Im particularly interested in the longterm sustainability of,0
The technical specifications need to be aligned with,0
Have you considered the scalability challenges as,0
Im analyzing the trends to identify patterns that,0
The crossfunctional team approach helped us address,0
Could you explain the rationale behind this,0
Im working to improve the reproducibility of,0
The qualitative findings offer context that,0
Have you integrated feedback from diverse stakeholder,0
Im assessing the risk factors that could,0
The iterative design process allowed us to,0
Could you discuss the tradeoffs involved in,0
Theoretical quantum networks could transform secure,0
Gravitational wave astronomy provides unprecedented insights into,0
Multifunctional metamaterials demonstrate programmable responses to,0
Biodegradable electronics represent a promising solution to,0
Contemporary cryptographic protocols increasingly rely on,0
Neuromorphic computing architectures mimic biological neural,0
Advanced statistical mechanics reveals emergent properties in,0
Experimental verification of topological insulator properties confirms,0
Bioengineered scaffolds with precise microarchitectures guide,0
Quantum supremacy demonstrations highlight both the,0
Large language models exhibit emergent capabilities not,0
Photonic integrated circuits offer promising platforms for,0
Precision genome editing technologies raise profound,0
Computational fluid dynamics simulations reveal previously,0
Reinforcement learning algorithms demonstrate remarkable,0
Synthetic biology approaches enable the creation of,0
Mathematical models of infectious disease transmission incorporate,0
Atmospheric carbon capture technologies must achieve,0
